{
  "train": {
    "mse": 6.725566538558865e-16,
    "cosine": 1.0000001192092896,
    "r2": 1.0
  },
  "test": {
    "mse": 0.019912928342819214,
    "cosine": 0.08634883910417557,
    "r2": -0.44840478897094727
  }
}